source_row,source_page,source_name,country_code,slug,letter_printed_matter_small_packet_up_to_20g,letter_printed_matter_small_packet_over_20g_to_50g,letter_printed_matter_small_packet_over_50g_to_100g,letter_printed_matter_small_packet_over_100g_to_250g,letter_printed_matter_small_packet_over_250g_to_500g,letter_printed_matter_small_packet_over_500g_to_1000g,letter_printed_matter_small_packet_over_1000g_to_1500g,letter_printed_matter_small_packet_over_1500g_to_2000g,postcard,sekogram_up_to_7kg,m_bag_per_kg_up_to_30kg,parcel_up_to_3kg_usd_cents,parcel_each_additional_kg_usd_cents
1,20198,Afghanistan,AF,afghanistan-af,7000,16000,32000,78000,132000,263000,394000,525000,7000,0,252000,6514,1440
2,20198,Albania,AL,albania-al,9000,17000,34000,85000,144000,288000,432000,576000,9000,0,278000,7342,1374
3,20198,Algeria,DZ,algeria-dz,9000,21000,42000,104000,183000,365000,620000,827000,9000,0,358000,4918,1302
4,20198,Andorra,AD,andorra-ad,12000,29000,57000,142000,284000,568000,852000,1135000,12000,0,512000,,
5,20198,Angola,AO,angola-ao,10000,23000,46000,113000,200000,402000,603000,804000,10000,0,397000,9132,2020
6,20198,Anguilla,AI,anguilla-ai,11000,27000,54000,134000,242000,484000,726000,967000,11000,0,482000,9096,2448
7,20198,Antigua and Barbuda,AG,antigua-and-barbuda-ag,11000,27000,54000,134000,244000,487000,730000,974000,11000,0,485000,8193,2094
8,20198,Argentina,AR,argentina-ar,10000,20000,39000,98000,170000,340000,510000,680000,10000,0,331000,5364,1390
9,20198,Armenia,AM,armenia-am,9000,16000,32000,80000,135000,270000,407000,542000,9000,0,260000,8770,1760
10,20198,Aruba,AW,aruba-aw,10000,22000,44000,110000,195000,389000,583000,778000,10000,0,382000,8417,2156
11,20198,Ascension,AC,ascension-ac,8000,20000,40000,99000,197000,394000,590000,787000,8000,0,331000,,
12,20198,Australia,AU,australia-au,6000,13000,26000,65000,104000,208000,312000,416000,6000,0,196000,3953,920
13,20198,Austria,AT,austria-at,9000,15000,29000,68000,135000,215000,344000,429000,9000,0,202000,4777,872
14,20198,Azerbaijan,AZ,azerbaijan-az,9000,16000,32000,80000,135000,270000,407000,542000,9000,0,260000,6463,1902
15,20198,Bahamas,BS,bahamas-bs,10000,18000,36000,89000,155000,305000,457000,609000,10000,0,294000,9076,2346
16,20198,Bahrain,BH,bahrain-bh,8000,19000,37000,92000,159000,367000,550000,734000,8000,0,310000,3986,890
17,20198,Bangladesh,BD,bangladesh-bd,6000,13000,25000,62000,100000,197000,296000,394000,6000,0,185000,3186,800
18,20198,Barbados,BB,barbados-bb,10000,22000,44000,110000,195000,389000,583000,778000,10000,0,382000,5468,1134
19,20198,Belarus,BY,belarus-by,9000,17000,33000,81000,138000,275000,412000,549000,9000,0,264000,7521,1874
20,20198,Belgium,BE,belgium-be,9000,19000,38000,93000,162000,323000,484000,743000,9000,0,313000,6130,1406
21,20198,Belize,BZ,belize-bz,10000,18000,36000,89000,155000,305000,457000,609000,10000,0,294000,6516,1332
22,20198,Benin,BJ,benin-bj,9000,21000,42000,104000,183000,365000,620000,827000,9000,0,358000,7731,1500
23,20199,Bermuda,BM,bermuda-bm,10000,23000,46000,113000,200000,402000,603000,804000,10000,0,397000,9334,2084
24,20199,Bhutan,BT,bhutan-bt,6000,15000,30000,75000,124000,248000,372000,593000,6000,0,238000,3523,666
25,20199,Bolivia,BO,bolivia-bo,10000,25000,49000,122000,218000,436000,654000,872000,10000,0,425000,12865,3728
26,20199,Bosnia Herzegovina,BA,bosnia-herzegovina-ba,9000,22000,44000,110000,196000,392000,587000,783000,9000,0,385000,7962,1618
27,20199,Botswana,BW,botswana-bw,8000,18000,35000,87000,148000,296000,444000,592000,8000,0,285000,4450,1020
28,20199,Brazil,BR,brazil-br,10000,20000,40000,100000,175000,350000,524000,699000,10000,0,341000,4782,1156
29,20199,Brunei Darussalam,BN,brunei-darussalam-bn,5000,12000,22000,54000,88000,167000,250000,334000,5000,0,155000,2280,436
30,20199,Bulgaria (Rep.),BG,bulgaria-rep-bg,9000,19000,37000,91000,157000,313000,470000,626000,9000,0,305000,7325,1644
31,20199,Burkina Faso,BF,burkina-faso-bf,12000,28000,56000,140000,255000,510000,838000,1118000,12000,0,508000,9590,2266
32,20199,Burundi,BI,burundi-bi,10000,23000,46000,113000,200000,451000,677000,902000,10000,0,397000,3980,922
33,20199,Cambodia,KH,cambodia-kh,6000,15000,30000,73000,122000,292000,437000,583000,6000,0,233000,2885,532
34,20199,Cameroon,CM,cameroon-cm,10000,23000,46000,113000,200000,451000,677000,902000,10000,0,397000,7614,1524
35,20199,Canada,CA,canada-ca,10000,23000,46000,114000,203000,454000,680000,907000,10000,0,397000,5868,1490
36,20199,Cape Verde,CV,cape-verde-cv,9000,21000,42000,104000,183000,365000,547000,729000,9000,0,358000,3689,892
37,20199,Cayman Islands,KY,cayman-islands-ky,10000,25000,50000,125000,224000,448000,672000,895000,10000,0,443000,10800,2690
38,20199,Central African Republic,CF,central-african-republic-cf,9000,21000,42000,104000,183000,365000,547000,729000,9000,0,358000,8684,1878
39,20199,Chad,TD,chad-td,9000,21000,42000,104000,183000,365000,547000,729000,9000,0,358000,3484,884
40,20199,Chile,CL,chile-cl,10000,25000,49000,122000,218000,485000,727000,969000,10000,0,424000,7113,1912
41,20199,China (People's Rep.),CN,china-people-s-rep-cn,6000,14000,27000,67000,110000,219000,329000,438000,6000,0,207000,3975,982
42,20199,Colombia,CO,colombia-co,10000,20000,40000,99000,173000,345000,517000,690000,10000,0,336000,6331,1670
43,20199,Comoros,KM,comoros-km,10000,23000,46000,113000,200000,451000,677000,902000,10000,0,397000,5100,1048
44,20199,Congo (Rep. Dem. of The),CD,congo-rep-dem-of-the-cd,10000,23000,46000,113000,200000,402000,603000,804000,10000,0,397000,3175,904
45,20200,Congo (Rep.),CG,congo-rep-cg,10000,23000,46000,113000,202000,452000,678000,904000,10000,0,397000,8119,1516
46,20200,Cook Islands,CK,cook-islands-ck,8000,20000,40000,100000,176000,352000,527000,703000,8000,0,343000,4968,1208
47,20200,Costa Rica,CR,costa-rica-cr,10000,18000,36000,89000,155000,305000,457000,609000,10000,0,294000,12100,2906
48,20200,Cote d'Ivoire (Rep.),CI,cote-d-ivoire-rep-ci,9000,21000,42000,105000,184000,368000,625000,833000,9000,0,361000,7519,1528
49,20200,Croatia,HR,croatia-hr,9000,21000,41000,102000,180000,408000,611000,815000,9000,0,351000,5588,1200
50,20200,Cuba,CU,cuba-cu,10000,18000,36000,89000,155000,305000,457000,609000,10000,0,294000,7236,2242
51,20200,Curacao,CW,curacao-cw,11000,26000,52000,129000,232000,464000,696000,928000,11000,0,460000,9097,2294
52,20200,Cyprus,CY,cyprus-cy,9000,21000,42000,103000,182000,412000,617000,823000,9000,0,359000,4934,1094
53,20200,Czech Republic,CZ,czech-republic-cz,10000,23000,46000,115000,230000,460000,689000,919000,10000,0,405000,4735,962
54,20200,Denmark,DK,denmark-dk,9000,19000,38000,93000,162000,323000,484000,645000,9000,0,313000,5508,1342
55,20200,Djibouti,DJ,djibouti-dj,10000,23000,46000,113000,200000,402000,603000,902000,10000,0,397000,3500,880
56,20200,Dominica,DM,dominica-dm,10000,18000,36000,89000,155000,305000,457000,609000,10000,0,294000,9016,2310
57,20200,Dominican Republic,DO,dominican-republic-do,10000,18000,36000,89000,155000,305000,457000,609000,10000,0,294000,9172,2354
58,20200,Ecuador,EC,ecuador-ec,10000,20000,40000,100000,176000,350000,526000,702000,10000,0,342000,5255,1382
59,20200,Egypt,EG,egypt-eg,9000,21000,42000,105000,186000,419000,629000,838000,9000,0,363000,4299,1062
60,20200,El Salvador,SV,el-salvador-sv,10000,18000,36000,89000,155000,305000,457000,609000,10000,0,294000,8971,2436
61,20200,Equatorial Guinea,GQ,equatorial-guinea-gq,11000,27000,53000,133000,265000,529000,794000,1058000,11000,0,477000,7281,1494
62,20200,Eritrea,ER,eritrea-er,10000,23000,46000,113000,200000,451000,677000,902000,10000,0,397000,3956,918
63,20200,Estonia,EE,estonia-ee,9000,17000,34000,84000,142000,284000,425000,567000,9000,0,273000,7876,1512
64,20200,Eswatini (Swaziland),SZ,eswatini-swaziland-sz,8000,18000,35000,87000,173000,345000,517000,689000,8000,0,280000,,
65,20200,Ethiopia,ET,ethiopia-et,9000,21000,42000,104000,183000,365000,547000,827000,9000,0,358000,3484,988
66,20200,Falkland Islands,FK,falkland-islands-fk,10000,22000,44000,109000,193000,386000,578000,770000,10000,0,378000,,
67,20200,Faroe Islands,FO,faroe-islands-fo,13000,32000,63000,157000,314000,628000,942000,1255000,13000,0,574000,,
68,20200,Fiji,FJ,fiji-fj,7000,17000,34000,85000,146000,290000,437000,582000,7000,0,281000,5314,1756
69,20201,Finland,FI,finland-fi,10000,24000,48000,119000,237000,473000,710000,946000,10000,0,413000,4908,938
70,20201,France,FR,france-fr,9000,15000,29000,70000,135000,229000,344000,458000,9000,0,216000,4887,982
71,20201,French Guiana,GF,french-guiana-gf,9000,19000,37000,92000,159000,318000,476000,635000,9000,0,307000,11978,2876
72,20201,French Polynesia,PF,french-polynesia-pf,8000,20000,40000,100000,176000,352000,527000,703000,8000,0,343000,4623,1064
73,20201,Gabon,GA,gabon-ga,10000,25000,50000,125000,225000,498000,747000,995000,10000,0,443000,6392,1468
74,20201,Gambia,GM,gambia-gm,10000,23000,46000,113000,200000,402000,603000,804000,10000,0,397000,8094,1768
75,20201,Georgia,GE,georgia-ge,9000,16000,32000,79000,135000,266000,399000,532000,9000,0,255000,10456,2108
76,20201,Germany,DE,germany-de,9000,15000,29000,71000,135000,235000,352000,469000,9000,0,222000,5526,1102
77,20201,Ghana,GH,ghana-gh,9000,21000,42000,104000,183000,365000,620000,827000,9000,0,358000,6548,1602
78,20201,Gibraltar,GI,gibraltar-gi,9000,22000,44000,108000,192000,383000,575000,766000,9000,0,376000,7152,1628
79,20201,Great Britain (UK),GB,great-britain-uk-gb,9000,15000,29000,71000,135000,235000,352000,469000,9000,0,222000,6163,1358
80,20201,Greece,GR,greece-gr,9000,19000,38000,93000,162000,323000,484000,743000,9000,0,313000,4756,1200
81,20201,Greenland,GL,greenland-gl,15000,37000,73000,181000,362000,724000,1086000,1447000,15000,0,674000,,
82,20201,Grenada,GD,grenada-gd,10000,18000,36000,89000,155000,305000,457000,609000,10000,0,294000,9294,2356
83,20201,Guadeloupe,GP,guadeloupe-gp,9000,21000,41000,101000,178000,355000,533000,710000,9000,0,347000,10162,2104
84,20201,Guam,GU,guam-gu,15000,36000,72000,179000,357000,714000,1071000,1427000,15000,0,663000,,
85,20201,Guatemala,GT,guatemala-gt,10000,18000,36000,89000,155000,305000,457000,609000,10000,0,294000,,
86,20201,Guernsey,GG,guernsey-gg,8000,19000,38000,93000,186000,372000,557000,743000,8000,0,308000,,
87,20201,Guinea,GN,guinea-gn,9000,21000,42000,104000,183000,365000,547000,729000,9000,0,358000,8032,2322
88,20201,Guinea-Bissau,GW,guinea-bissau-gw,9000,21000,42000,104000,183000,365000,547000,729000,9000,0,358000,3869,828
89,20201,Guyana,GY,guyana-gy,10000,18000,36000,89000,155000,305000,457000,609000,10000,0,294000,10274,2476
90,20201,Haiti,HT,haiti-ht,10000,18000,36000,89000,155000,305000,457000,609000,10000,0,294000,9382,2386
91,20201,Honduras (Rep.),HN,honduras-rep-hn,10000,18000,36000,89000,155000,305000,457000,609000,10000,0,294000,10491,2926
92,20201,Hong Kong,HK,hong-kong-hk,6000,13000,26000,63000,100000,203000,304000,405000,6000,0,190000,4293,852
93,20201,Hungary,HU,hungary-hu,9000,15000,29000,68000,135000,215000,344000,429000,9000,0,202000,5487,1018
94,20202,Iceland,IS,iceland-is,10000,24000,48000,119000,213000,425000,637000,849000,10000,0,413000,9989,2688
95,20202,India,IN,india-in,6000,14000,27000,68000,110000,220000,330000,440000,6000,0,207000,4203,912
96,20202,Iran (Islamic Rep.),IR,iran-islamic-rep-ir,7000,14000,28000,70000,120000,230000,344000,459000,7000,0,217000,5681,1488
97,20202,Iraq,IQ,iraq-iq,10000,25000,50000,125000,224000,497000,745000,993000,10000,0,443000,,
98,20202,Ireland,IE,ireland-ie,9000,15000,29000,69000,135000,225000,344000,450000,9000,0,213000,4462,1000
99,20202,Isle of Man,IM,isle-of-man-im,8000,19000,38000,93000,186000,372000,557000,743000,8000,0,308000,,
100,20202,Israel,IL,israel-il,8000,19000,38000,95000,166000,380000,570000,760000,8000,0,324000,4834,1200
101,20202,Italy,IT,italy-it,9000,15000,29000,68000,135000,215000,344000,429000,9000,0,202000,5010,918
102,20202,Jamaica,JM,jamaica-jm,10000,18000,36000,89000,155000,305000,457000,609000,10000,0,294000,,
103,20202,Japan,JP,japan-jp,6000,13000,26000,63000,100000,203000,304000,405000,6000,0,190000,4236,1168
104,20202,Jersey,JE,jersey-je,8000,19000,38000,93000,186000,372000,557000,743000,8000,0,308000,,
105,20202,Jordan,JO,jordan-jo,7000,15000,29000,71000,120000,232000,347000,463000,7000,0,219000,4416,1026
106,20202,Kazakhstan,KZ,kazakhstan-kz,9000,19000,37000,92000,159000,317000,475000,633000,9000,0,307000,9568,2014
107,20202,Kenya,KE,kenya-ke,9000,21000,42000,104000,183000,414000,620000,827000,9000,0,358000,4648,1134
108,20202,Kiribati / Gilbert,KI,kiribati-gilbert-ki,7000,17000,34000,85000,146000,290000,437000,582000,7000,0,281000,7749,1962
109,20202,Korea (Dem People's Rep Of) / (North Korea),KP,korea-dem-people-s-rep-of-north-korea-kp,7000,17000,33000,82000,139000,326000,489000,652000,7000,0,269000,,
110,20202,Korea (Rep.) / (South Korea),KR,korea-rep-south-korea-kr,6000,14000,27000,66000,107000,214000,320000,427000,6000,0,201000,4072,900
111,20202,Kosovo,XZ,kosovo-xz,9000,18000,36000,90000,156000,310000,467000,622000,9000,0,302000,,
112,20202,Kuwait,KW,kuwait-kw,7000,14000,27000,67000,120000,217000,326000,434000,7000,0,205000,3552,880
113,20202,Kyrgyzstan,KG,kyrgyzstan-kg,9000,17000,34000,83000,142000,283000,424000,565000,9000,0,272000,8542,1992
114,20202,Lao People's Democratic Republic,LA,lao-people-s-democratic-republic-la,5000,12000,24000,59000,93000,185000,278000,370000,5000,0,173000,3683,916
115,20202,Latvia,LV,latvia-lv,9000,17000,33000,81000,138000,275000,412000,549000,9000,0,264000,7813,1808
116,20203,Lebanon,LB,lebanon-lb,7000,14000,27000,67000,120000,218000,326000,435000,7000,0,205000,3411,816
117,20203,Lesotho,LS,lesotho-ls,8000,18000,35000,87000,148000,296000,444000,592000,8000,0,285000,3968,994
118,20203,Liberia,LR,liberia-lr,9000,21000,42000,104000,183000,365000,547000,729000,9000,0,358000,7946,1896
119,20203,Libya,LY,libya-ly,9000,21000,42000,105000,185000,369000,553000,737000,9000,0,361000,,
120,20203,Liechtenstein,LI,liechtenstein-li,11000,27000,53000,133000,240000,529000,794000,1058000,11000,0,477000,,
121,20203,Lithuania,LT,lithuania-lt,9000,17000,33000,81000,138000,275000,412000,549000,9000,0,264000,7263,1496
122,20203,Luxembourg,LU,luxembourg-lu,9000,22000,43000,107000,190000,428000,642000,856000,9000,0,370000,6340,1038
123,20203,Macao,MO,macao-mo,9000,21000,42000,105000,184000,417000,625000,833000,9000,0,360000,5798,1404
124,20203,"Macedonia, The Former Yugoslav Rep of",MK,macedonia-the-former-yugoslav-rep-of-mk,9000,21000,41000,103000,180000,360000,540000,720000,9000,0,356000,5860,988
125,20203,Madagascar,MG,madagascar-mg,8000,19000,38000,93000,160000,322000,483000,644000,8000,0,314000,3462,752
126,20203,Malawi,MW,malawi-mw,8000,20000,39000,97000,169000,337000,506000,674000,8000,0,330000,3684,830
127,20203,Malaysia,MY,malaysia-my,5000,12000,23000,56000,88000,174000,260000,348000,5000,0,162000,2394,430
128,20203,Maldives,MV,maldives-mv,7000,16000,32000,78000,132000,263000,467000,622000,7000,0,252000,3212,644
129,20203,Mali,ML,mali-ml,9000,21000,42000,104000,183000,365000,620000,827000,9000,0,358000,6860,1562
130,20203,Malta,MT,malta-mt,9000,18000,36000,88000,150000,302000,453000,604000,9000,0,292000,8324,1898
131,20203,Mariana Islands,MP,mariana-islands-mp,11000,27000,53000,133000,265000,529000,794000,1058000,11000,0,471000,,
132,20203,Marshall Islands,MH,marshall-islands-mh,8000,18000,36000,89000,177000,354000,530000,707000,8000,0,288000,,
133,20203,Martinique,MQ,martinique-mq,12000,29000,57000,142000,260000,519000,778000,1038000,12000,0,517000,10394,2182
134,20203,Mauritania,MR,mauritania-mr,9000,21000,42000,104000,183000,365000,547000,729000,9000,0,358000,8791,1890
135,20203,Mauritius,MU,mauritius-mu,8000,19000,38000,93000,160000,322000,483000,644000,8000,0,314000,4348,1138
136,20203,Mayotte,YT,mayotte-yt,12000,29000,57000,142000,284000,568000,852000,1135000,12000,0,517000,7920,1766
137,20203,Mexico,MX,mexico-mx,10000,19000,37000,91000,155000,313000,469000,625000,10000,0,302000,4056,1084
138,20203,Micronesia,FM,micronesia-fm,9000,21000,42000,105000,209000,417000,625000,833000,9000,0,354000,,
139,20203,Moldova,MD,moldova-md,9000,16000,31000,77000,135000,257000,385000,513000,9000,0,245000,9036,1870
140,20204,Monaco,MC,monaco-mc,9000,21000,42000,103000,180000,362000,543000,724000,9000,0,355000,,
141,20204,Mongolia,MN,mongolia-mn,8000,18000,36000,90000,155000,309000,463000,617000,8000,0,300000,4116,954
142,20204,Montenegro (Rep.),ME,montenegro-rep-me,9000,22000,44000,110000,196000,392000,587000,783000,9000,0,385000,8430,1558
143,20204,Montserrat,MS,montserrat-ms,12000,29000,57000,142000,260000,519000,778000,1038000,12000,0,517000,5154,1112
144,20204,Morocco,MA,morocco-ma,9000,21000,42000,104000,183000,365000,620000,827000,9000,0,358000,5802,1622
145,20204,Mozambique,MZ,mozambique-mz,9000,21000,42000,103000,180000,362000,542000,723000,9000,0,355000,3618,772
146,20204,Myanmar,MM,myanmar-mm,5000,12000,24000,59000,93000,186000,279000,372000,5000,0,174000,2709,614
147,20204,Namibia,NA,namibia-na,8000,18000,35000,87000,148000,296000,444000,592000,8000,0,285000,3860,972
148,20204,Nauru,NR,nauru-nr,7000,17000,34000,85000,146000,290000,437000,582000,7000,0,281000,5049,1422
149,20204,Nepal,NP,nepal-np,6000,13000,26000,64000,102000,204000,305000,407000,6000,0,191000,3566,964
150,20204,Netherlands,NL,netherlands-nl,9000,15000,29000,69000,135000,227000,344000,453000,9000,0,214000,5104,1398
151,20204,New Caledonia,NC,new-caledonia-nc,7000,15000,30000,75000,125000,250000,375000,500000,7000,0,237000,5731,1208
152,20204,New Zealand,NZ,new-zealand-nz,7000,14000,28000,70000,120000,230000,345000,460000,7000,0,217000,4574,1074
153,20204,Nicaragua,NI,nicaragua-ni,8000,18000,36000,89000,153000,305000,457000,609000,8000,0,294000,9995,2716
154,20204,Niger,NE,niger-ne,9000,21000,42000,104000,183000,365000,547000,729000,9000,0,358000,9697,2504
155,20204,Nigeria,NG,nigeria-ng,9000,21000,42000,105000,185000,417000,626000,834000,9000,0,361000,6340,1746
156,20204,Niue,NU,niue-nu,7000,17000,34000,85000,170000,340000,510000,680000,7000,0,275000,,
157,20204,Norway,NO,norway-no,10000,24000,48000,119000,237000,473000,710000,946000,10000,0,413000,5197,982
158,20204,Oman,OM,oman-om,7000,13000,26000,65000,120000,208000,309000,416000,7000,0,196000,3523,828
159,20204,Pakistan,PK,pakistan-pk,6000,14000,27000,67000,109000,217000,325000,433000,6000,0,204000,3340,804
160,20204,Palau,PW,palau-pw,8000,20000,40000,100000,200000,400000,600000,800000,8000,0,337000,,
161,20204,Palestine,PS,palestine-ps,9000,18000,36000,89000,178000,355000,532000,709000,9000,0,291000,,
162,20204,Panama (Rep.),PA,panama-rep-pa,10000,18000,36000,89000,155000,305000,457000,609000,10000,0,294000,5031,1474
163,20204,Papua New Guinea,PG,papua-new-guinea-pg,8000,18000,36000,90000,155000,310000,464000,717000,8000,0,302000,5988,1084
164,20204,Paraguay,PY,paraguay-py,10000,18000,36000,89000,155000,305000,457000,609000,10000,0,294000,10747,2974
165,20205,Peru,PE,peru-pe,10000,18000,36000,89000,155000,305000,457000,609000,10000,0,294000,6027,1636
166,20205,Philippines,PH,philippines-ph,5000,12000,24000,60000,96000,190000,286000,380000,5000,0,178000,2940,706
167,20205,Pitcairn Islands,PN,pitcairn-islands-pn,8000,20000,40000,100000,200000,400000,600000,800000,8000,0,337000,,
168,20205,Poland,PL,poland-pl,9000,15000,29000,68000,135000,215000,344000,429000,9000,0,202000,4353,958
169,20205,Portugal,PT,portugal-pt,9000,15000,29000,68000,135000,215000,344000,429000,9000,0,202000,4612,930
170,20205,Puerto Rico,PR,puerto-rico-pr,11000,26000,51000,126000,252000,503000,754000,1006000,11000,0,444000,,
171,20205,Qatar,QA,qatar-qa,7000,16000,31000,77000,130000,259000,388000,517000,7000,0,246000,4198,1144
172,20205,Reunion Island,RE,reunion-island-re,15000,36000,72000,179000,357000,713000,1070000,1426000,15000,0,662000,8674,2380
173,20205,Romania,RO,romania-ro,9000,17000,34000,85000,144000,288000,505000,673000,9000,0,278000,4811,1022
174,20205,Russian Federation,RU,russian-federation-ru,9000,15000,29000,73000,135000,240000,360000,480000,9000,0,228000,6193,1320
175,20205,Rwanda,RW,rwanda-rw,8000,19000,38000,93000,160000,322000,483000,644000,8000,0,314000,3316,784
176,20205,San Marino,SM,san-marino-sm,12000,28000,56000,140000,255000,559000,838000,1118000,12000,0,508000,,
177,20205,Sao Tome and Principe,ST,sao-tome-and-principe-st,9000,22000,43000,108000,190000,380000,570000,760000,9000,0,375000,2900,738
178,20205,Saudi Arabia,SA,saudi-arabia-sa,7000,15000,29000,73000,120000,240000,360000,480000,7000,0,228000,3546,948
179,20205,Senegal,SN,senegal-sn,9000,21000,42000,104000,183000,365000,620000,827000,9000,0,358000,6967,1522
180,20205,Serbia (Rep.),RS,serbia-rep-rs,9000,17000,34000,83000,142000,283000,425000,566000,9000,0,273000,5561,1486
181,20205,Seychelles,SC,seychelles-sc,10000,23000,46000,113000,200000,451000,677000,902000,10000,0,397000,3340,872
182,20205,Sierra Leone,SL,sierra-leone-sl,9000,21000,42000,104000,183000,365000,547000,729000,9000,0,358000,,
183,20205,Singapore,SG,singapore-sg,5000,12000,22000,53000,88000,162000,243000,324000,5000,0,150000,2138,372
184,20205,Sint Maarten,SX,sint-maarten-sx,11000,27000,54000,134000,268000,536000,804000,1072000,11000,0,479000,,
185,20205,Slovakia,SK,slovakia-sk,9000,22000,43000,107000,190000,379000,569000,758000,9000,0,370000,8506,1930
186,20205,Slovenia,SI,slovenia-si,9000,21000,41000,102000,180000,359000,538000,718000,9000,0,351000,7272,1494
187,20205,Solomon Islands,SB,solomon-islands-sb,7000,17000,34000,85000,146000,290000,437000,582000,7000,0,281000,5097,1370
188,20205,Somalia,SO,somalia-so,8000,18000,35000,86000,147000,293000,439000,585000,8000,0,283000,,
189,20206,Somaliland,XS,somaliland-xs,9000,21000,42000,103000,206000,412000,618000,824000,9000,0,351000,,
190,20206,South Africa,ZA,south-africa-za,8000,15000,29000,72000,127000,237000,355000,473000,8000,0,224000,5778,1508
191,20206,South Sudan,SS,south-sudan-ss,8000,15000,29000,71000,127000,233000,350000,466000,8000,0,220000,,
192,20206,Spain,ES,spain-es,9000,15000,29000,72000,135000,239000,358000,477000,9000,0,226000,4746,1076
193,20206,Sri Langka,LK,sri-langka-lk,6000,12000,24000,60000,100000,192000,287000,383000,6000,0,179000,2945,664
194,20206,St Christopher (St Kitts) and Nevis,KN,st-christopher-st-kitts-and-nevis-kn,10000,18000,36000,89000,155000,305000,457000,609000,10000,0,294000,,
195,20206,St Helena,SH,st-helena-sh,9000,19000,37000,92000,159000,318000,476000,635000,9000,0,307000,,
196,20206,St Lucia,LC,st-lucia-lc,10000,18000,36000,89000,155000,305000,457000,609000,10000,0,294000,,
197,20206,St Pierre & Miquelon,PM,st-pierre-miquelon-pm,9000,19000,37000,92000,159000,318000,476000,635000,9000,0,307000,,
198,20206,St Vincent and the Grenadines,VC,st-vincent-and-the-grenadines-vc,10000,18000,36000,89000,155000,305000,457000,609000,10000,0,294000,,
199,20206,Sudan,SD,sudan-sd,11000,27000,54000,134000,267000,534000,800000,1067000,11000,0,481000,4232,1082
200,20206,Suriname,SR,suriname-sr,10000,18000,36000,89000,155000,305000,457000,609000,10000,0,294000,3928,1088
201,20206,Swaziland,SZ,swaziland-sz,8000,18000,35000,87000,148000,296000,444000,592000,8000,0,285000,3710,980
202,20206,Sweden,SE,sweden-se,9000,17000,33000,81000,135000,273000,409000,545000,9000,0,260000,6321,1448
203,20206,Switzerland,CH,switzerland-ch,9000,15000,29000,69000,135000,225000,344000,450000,9000,0,212000,4305,990
204,20206,Syrian Arab Republic,SY,syrian-arab-republic-sy,8000,20000,39000,97000,169000,338000,507000,676000,8000,0,333000,,
205,20206,Taiwan (Republic of China),TW,taiwan-republic-of-china-tw,6000,12000,23000,56000,100000,172000,258000,344000,6000,0,160000,4652,910
206,20206,Tajikistan,TJ,tajikistan-tj,9000,17000,34000,83000,142000,283000,424000,565000,9000,0,272000,,
207,20206,Tanzania (United Rep.),TZ,tanzania-united-rep-tz,10000,23000,46000,114000,203000,455000,683000,910000,10000,0,400000,3652,916
208,20206,Thailand,TH,thailand-th,5000,12000,24000,59000,94000,187000,280000,373000,5000,0,174000,2935,632
209,20206,Timor-Leste (Dem. Rep.),TL,timor-leste-dem-rep-tl,5000,12000,24000,59000,93000,186000,279000,372000,5000,0,174000,2126,514
210,20207,Togo,TG,togo-tg,9000,21000,42000,104000,183000,365000,620000,827000,9000,0,358000,5090,1060
211,20207,Tokelau,TK,tokelau-tk,7000,17000,34000,85000,170000,340000,510000,680000,7000,0,275000,,
212,20207,Tonga,TO,tonga-to,7000,17000,34000,85000,146000,290000,437000,582000,7000,0,281000,6201,1822
213,20207,Trinidad and Tobago,TT,trinidad-and-tobago-tt,9000,18000,36000,89000,153000,305000,457000,609000,9000,0,294000,9568,2424
214,20207,Tristan Da Cunha,TA,tristan-da-cunha-ta,,,,,,,,,,0,,3772,754
215,20207,Tunisia,TN,tunisia-tn,9000,21000,42000,104000,183000,365000,620000,827000,9000,0,358000,7181,1852
216,20207,Turkey,TR,turkey-tr,7000,15000,29000,72000,120000,239000,359000,478000,7000,0,226000,4610,1068
217,20207,Turkmenistan,TM,turkmenistan-tm,,,,,,,,,,0,,4920,1074
218,20207,Turks & Caicos Islands,TC,turks-caicos-islands-tc,12000,28000,56000,139000,253000,505000,757000,1009000,12000,0,501000,4298,1242
219,20207,Tuvalu,TV,tuvalu-tv,7000,17000,34000,85000,146000,290000,437000,582000,7000,0,281000,5463,1560
220,20207,Uganda,UG,uganda-ug,9000,21000,42000,104000,183000,365000,620000,827000,9000,0,358000,3612,894
221,20207,Ukraine,UA,ukraine-ua,9000,21000,41000,103000,180000,409000,613000,818000,9000,0,356000,,
222,20207,United Arab Emirates,AE,united-arab-emirates-ae,7000,14000,27000,66000,120000,216000,323000,430000,7000,0,203000,4146,1226
223,20207,United States of America,US,united-states-of-america-us,10000,17000,33000,78000,155000,257000,403500,513000,10000,0,243000,6390,1952
224,20207,Uruguay,UY,uruguay-uy,10000,18000,36000,89000,155000,305000,457000,609000,10000,0,294000,7147,1342
225,20207,Uzbekistan,UZ,uzbekistan-uz,9000,17000,34000,83000,142000,283000,424000,565000,9000,0,272000,9846,2194
226,20207,Vanuatu,VU,vanuatu-vu,7000,17000,34000,85000,146000,290000,437000,582000,7000,0,281000,4810,1142
227,20207,Vatican,VA,vatican-va,9000,22000,44000,108000,192000,383000,574000,765000,9000,0,376000,7592,1592
228,20207,Venezuela,VE,venezuela-ve,10000,18000,36000,89000,155000,306000,459000,612000,10000,0,295000,5283,1484
229,20207,Viet nam,VN,viet-nam-vn,5000,12000,23000,56000,88000,175000,262000,349000,5000,0,162000,2573,566
230,20207,Virgin Island (British),VG,virgin-island-british-vg,10000,19000,37000,92000,159000,318000,476000,635000,10000,0,307000,,
231,20207,Virgin Islands (US),VI,virgin-islands-us-vi,8000,19000,37000,93000,185000,369000,553000,738000,8000,0,307000,,
232,20208,Wallis and Futuna,WF,wallis-and-futuna-wf,8000,18000,36000,88000,176000,352000,528000,704000,8000,0,287000,,
233,20208,West Samoa,WS,west-samoa-ws,8000,18000,36000,89000,153000,305000,457000,609000,8000,0,294000,,
234,20208,Yemen,YE,yemen-ye,8000,18000,36000,90000,155000,310000,464000,619000,8000,0,300000,,
235,20208,Zambia,ZM,zambia-zm,10000,24000,48000,118000,212000,472000,707000,943000,10000,0,418000,3486,900
236,20208,Zimbabwe,ZW,zimbabwe-zw,8000,18000,35000,87000,148000,296000,444000,592000,8000,0,285000,4362,1064
