office_id,source_name,kprk_id,ordinal,slug
10000,Jakartapusat,10000,1,jakartapusat-10000
11000,Jakartabarat,11000,2,jakartabarat-11000
12000,Jakartaselatan,12000,3,jakartaselatan-12000
13000,Jakartatimur,13000,4,jakartatimur-13000
14000,Jakartautara,14000,5,jakartautara-14000
14530,Pulauseribu,14000,6,pulauseribu-14530
15000,Tangerang,15000,7,tangerang-15000
15400,Ciputat,15400,8,ciputat-15400
15610,Balaraja,15000,9,balaraja-15610
16000,Bogor,16000,10,bogor-16000
16400,Depok,16400,11,depok-16400
16620,Ciampea,16000,12,ciampea-16620
16900,Cibinong,16900,13,cibinong-16900
17000,Bekasi,17000,14,bekasi-17000
17500,Cikarang,17500,15,cikarang-17500
17610,Babelan,17000,16,babelan-17610
20000,Medan,20000,17,medan-20000
20357,Bandarbaru,20000,18,bandarbaru-20357
20600,Tebingtinggideli,20600,19,tebingtinggideli-20600
20700,Binjai,20700,20,binjai-20700
20883,Batangserangan,20700,21,batangserangan-20883
20994,Bandarkhalipah,20600,22,bandarkhalipah-20994
21100,Pematangsiantar,21100,23,pematangsiantar-21100
21153,Bahjambi,21100,24,bahjambi-21153
21200,Kisaran,21200,25,kisaran-21200
21256,Indrapura,21200,26,indrapura-21256
21300,Tanjungbalai,21200,27,tanjungbalai-21300
21400,Rantauprapat,21400,28,rantauprapat-21400
21452,Merbau,21400,29,merbau-21452
21457,Aekkanopan,21400,30,aekkanopan-21457
21464,Kotapinang,21400,31,kotapinang-21464
21475,Tanjungleidong,21200,32,tanjungleidong-21475
22100,Kabanjahe,22100,33,kabanjahe-22100
22261,Bunturaja,22100,34,bunturaja-22261
22272,Salak,22100,35,salak-22272
22300,Balige,22300,36,balige-22300
22394,Nainggolan,22300,37,nainggolan-22394
22395,Ambarita,22300,38,ambarita-22395
22400,Tarutung,22400,39,tarutung-22400
22457,Doloksanggul,22400,40,doloksanggul-22457
22500,Sibolga,22500,41,sibolga-22500
22564,Barus,22500,42,barus-22564
22700,Padangsidempuan,22700,43,padangsidempuan-22700
22738,Batangtoru,22700,44,batangtoru-22738
22753,Gunungtua,22700,45,gunungtua-22753
22755,Binanga,22700,46,binanga-22755
22800,Gunungsitoli,22800,47,gunungsitoli-22800
22853,Lahewa,22800,48,lahewa-22853
22863,Sirombu,22800,49,sirombu-22863
22865,Telukdalam,22800,50,telukdalam-22865
22871,Hiliweto,22800,51,hiliweto-22871
22952,Kayulaut,22700,52,kayulaut-22952
23000,Bandaaceh,23000,53,bandaaceh-23000
23363,Indrapuri,23000,54,indrapuri-23363
23500,Sabang,23000,55,sabang-23500
23600,Meulaboh,23600,56,meulaboh-23600
23657,Lamno,23000,57,lamno-23657
23662,Alurbilie,23600,58,alurbilie-23662
23694,Kampungaie,23600,59,kampungaie-23694
23700,Tapaktuan,23700,60,tapaktuan-23700
23764,Blangpidie,23700,61,blangpidie-23764
23782,Subulussalam,23700,62,subulussalam-23782
23791,Pulaubanyak,23700,63,pulaubanyak-23791
24100,Sigli,24100,64,sigli-24100
24184,Luengputu,24100,65,luengputu-24184
24200,Bireuen,24300,66,bireuen-24200
24300,Lhokseumawe,24300,67,lhokseumawe-24300
24392,Alueieputeh,24300,68,alueieputeh-24392
24400,Langsa,24400,69,langsa-24400
24452,Bayeun,24400,70,bayeun-24452
24472,Bendahara,24400,71,bendahara-24472
24562,Angkup,24300,72,angkup-24562
24582,Janarata,24300,73,janarata-24582
24600,Kutacane,24600,74,kutacane-24600
24653,Blangkejeran,24600,75,blangkejeran-24653
25000,Padang,25000,76,padang-25000
25391,Sikakap,25000,77,sikakap-25391
25392,Sioban,25000,78,sioban-25392
25393,Muarasiberut,25000,79,muarasiberut-25393
25394,Muarasikabaluan,25000,80,muarasikabaluan-25394
25500,Pariaman,25500,81,pariaman-25500
25552,Kampungdalam,25500,82,kampungdalam-25552
25600,Painan,25600,83,painan-25600
25700,Tuapejat,25000,84,tuapejat-25700
26100,Bukitinggi,26100,85,bukitinggi-26100
26192,Baso,26100,86,baso-26192
26200,Payakumbuh,26200,87,payakumbuh-26200
26253,Dangungdangung,26200,88,dangungdangung-26253
26300,Lubuksikaping,26300,89,lubuksikaping-26300
26373,Airbangis,26300,90,airbangis-26373
27100,Padangpanjang,27100,91,padangpanjang-27100
27200,Batusangkar,27100,92,batusangkar-27200
27300,Solok,27300,93,solok-27300
27371,Alahanpanjang,27300,94,alahanpanjang-27371
27400,Sawahlunto,27400,95,sawahlunto-27400
27561,Muarobodipalangki,27400,96,muarobodipalangki-27561
27681,Kotabaru,27400,97,kotabaru-27681
27778,Lubukgadang,27300,98,lubukgadang-27778
28000,Pekanbaru,28000,99,pekanbaru-28000
28300,Pangkalankerinci,28000,100,pangkalankerinci-28300
28500,Bangkinang,28500,101,bangkinang-28500
28558B1,Daludalu,28500,102,daludalu-28558b1
28700,Bengkalis,28800,103,bengkalis-28700
28752,Telukbelitung,28800,104,telukbelitung-28752
28753,Selatpanjang,28800,105,selatpanjang-28753
28754B1,Bantan,28800,106,bantan-28754b1
28761,Sungaipakning,28800,107,sungaipakning-28761
28781,Batupanjang,28800,108,batupanjang-28781
28800,Dumai,28800,109,dumai-28800
28885,Minas,28000,110,minas-28885
28992,Baganbatu,28800,111,baganbatu-28992
29100,Tanjungpinang,29100,112,tanjungpinang-29100
29151,Kijang,29100,113,kijang-29151
29193,Tambelan,29100,114,tambelan-29193
29200,Tembilahan,29200,115,tembilahan-29200
29254,Khairiahmandah,29200,116,khairiahmandah-29254
29255,Sungaiguntung,29200,117,sungaiguntung-29255
29256,Pulauburung,29200,118,pulauburung-29256
29271,Kualaenok,29200,119,kualaenok-29271
29273,Pulaukijang,29200,120,pulaukijang-29273
29274,Kotabaruseberida,29200,121,kotabaruseberida-29274
29281,Sapat,29200,122,sapat-29281
29282,Kualalahang,29200,123,kualalahang-29282
29300,Rengat,29300,124,rengat-29300
29361,Baserah,29300,125,baserah-29361
29400,Batam,29400,126,batam-29400
29662,Tanjungbatu,29400,127,tanjungbatu-29662
29663,Moro,29400,128,moro-29663
29664,Meral,29400,129,meral-29664
29781,Serasan,29100,130,serasan-29781
29782,Sedanau,29100,131,sedanau-29782
29783,Ranai,29100,132,ranai-29783
29784,Midai,29100,133,midai-29784
29791,Terempa,29100,134,terempa-29791
29792,Letung,29100,135,letung-29792
29871,Dabosingkep,29100,136,dabosingkep-29871
29873,Senayang,29100,137,senayang-29873
29997B1,Palmatak,29100,138,palmatak-29997b1
30000,Palembang,30000,139,palembang-30000
30656,Airsugihankanan,30000,140,airsugihankanan-30656
30662,Indralaya,30000,141,indralaya-30662
30752,Babatsumatera,30000,142,babatsumatera-30752
30773,Airsaleh,30000,143,airsaleh-30773
31100,Prabumulih,31100,144,prabumulih-31100
31171,Gelumbang,31100,145,gelumbang-31171
31211,Pendopo,31100,146,pendopo-31211
31300,Muaraenim,31300,147,muaraenim-31300
31400,Lahat,31400,148,lahat-31400
31500,Pagaralam,31400,149,pagaralam-31500
31592,Muarapinang,31400,150,muarapinang-31592
31600,Lubuklinggau,31600,151,lubuklinggau-31600
31655,Binginteluk,31600,152,binginteluk-31655
31664,Airbeliti,31600,153,airbeliti-31664
32100,Baturaja,32100,154,baturaja-32100
32172,Muaraduakisam,32100,155,muaraduakisam-32172
32182,Belitang,32100,156,belitang-32182
33100,Pangkalpinang,33100,157,pangkalpinang-33100
33172,Baturusa,33100,158,baturusa-33172
33178,Payung,33100,159,payung-33178
33181,Koba,33100,160,koba-33181
33364,Kelapa,33100,161,kelapa-33364
33400,Tanjungpandan,33400,162,tanjungpandan-33400
33462,Gantung,33400,163,gantung-33462
34100,Metro,34100,164,metro-34100
34163,Bandaragung,34100,165,bandaragung-34163
34181,Batanghari,34100,166,batanghari-34181
34500,Kotabumi,34500,167,kotabumi-34500
34566,Banjit,34500,168,banjit-34566
34572,Kenali,34500,169,kenali-34572
34574,Krui,34500,170,krui-34574
34592,Dayamurni,34500,171,dayamurni-34592
34595,Dwiwargatunggaljaya,34500,172,dwiwargatunggaljaya-34595
34598,Simpangpematang,34500,173,simpangpematang-34598
35000,Bandarlampung,35000,174,bandarlampung-35000
35371,Gedongtataan,35000,175,gedongtataan-35371
35372,Gadingrejo,35000,176,gadingrejo-35372
35376,Ambarawalampung,35000,177,ambarawalampung-35376
35378,Gisting,35000,178,gisting-35378
35592,Bakauheni,35000,179,bakauheni-35592
36000,Jambi,36000,180,jambi-36000
36371,Kumpeh,36000,181,kumpeh-36371
36500,Kualatungkal,36000,182,kualatungkal-36500
36563,Dendang,36000,183,dendang-36563
36652,Bajubang,36000,184,bajubang-36652
37100,Sungaipenuh,37100,185,sungaipenuh-37100
37171,Hiang,37100,186,hiang-37171
37200,Muarabungo,37200,187,muarabungo-37200
37256,Alaiilir,37200,188,alaiilir-37256
37300,Bangko,37200,189,bangko-37300
37383,Limun,37200,190,limun-37383
38000,Bengkulu,38000,191,bengkulu-38000
38367,Lubukpinang,38000,192,lubukpinang-38367
38381,Airsebakul,38000,193,airsebakul-38381
38557,Kedurang,38000,194,kedurang-38557
38563,Bintuhan,38000,195,bintuhan-38563
38577,Cahayanegeri,38000,196,cahayanegeri-38577
38600,Argamakmur,38000,197,argamakmur-38600
39100,Curup,39100,198,curup-39100
39164,Muaraaman,39100,199,muaraaman-39164
39172,Kepahiang,39100,200,kepahiang-39172
40000,Bandung,40000,201,bandung-40000
40100,Ujungberung,40100,202,ujungberung-40100
40500,Cimahi,40500,203,cimahi-40500
40900,Soreang,40900,204,soreang-40900
41100,Purwakarta,41100,205,purwakarta-41100
41200,Subang,41200,206,subang-41200
41300,Karawang,41300,207,karawang-41300
42100,Serang,42100,208,serang-42100
42173,Baros,42100,209,baros-42173
42200,Pandeglang,42200,210,pandeglang-42200
42300,Rangkasbitung,42300,211,rangkasbitung-42300
42400,Cilegon,42400,212,cilegon-42400
43100,Sukabumi,43100,213,sukabumi-43100
43171,Bojonglopang,43100,214,bojonglopang-43171
43200,Cianjur,43200,215,cianjur-43200
44100,Garut,44100,216,garut-44100
45100,Cirebon,45100,217,cirebon-45100
45162,Arjawinangun,45100,218,arjawinangun-45162
45200,Indramayu,45200,219,indramayu-45200
45300,Sumedang,45300,220,sumedang-45300
45400,Majalengka,45400,221,majalengka-45400
45500,Kuningan,45500,222,kuningan-45500
46100,Tasikmalaya,46100,223,tasikmalaya-46100
46187,Bantarkalong,46100,224,bantarkalong-46187
46200,Ciamis,46200,225,ciamis-46200
46300,Banjar,46300,226,banjar-46300
46394,Cijulang,46300,227,cijulang-46394
50000,Semarang,50000,228,semarang-50000
50500,Ungaran,50500,229,ungaran-50500
50700,Salatiga,50700,230,salatiga-50700
51100,Pekalongan,51100,231,pekalongan-51100
51156,Bojongpekalongan,51100,232,bojongpekalongan-51156
51254,Bandarsidayu,51100,233,bandarsidayu-51254
51300,Kendal,51300,234,kendal-51300
52100,Tegal,52100,235,tegal-52100
52194,Adiwerna,52100,236,adiwerna-52194
52200,Brebes,52200,237,brebes-52200
52300,Pemalang,52300,238,pemalang-52300
53100,Purwokerto,53100,239,purwokerto-53100
53200,Cilacap,53200,240,cilacap-53200
53300,Purbalingga,53300,241,purbalingga-53300
53400,Banjarnegara,53400,242,banjarnegara-53400
54100,Purworejo,54100,243,purworejo-54100
54300,Kebumen,54300,244,kebumen-54300
55000,Yogyakarta,55000,245,yogyakarta-55000
55197,Banguntapan,55000,246,banguntapan-55197
55573,Berbah,55000,247,berbah-55573
55600,Watesyogya,55600,248,watesyogya-55600
55700,Bantul,55700,249,bantul-55700
55800,Wonosariyogya,55800,250,wonosariyogya-55800
56100,Magelang,56100,251,magelang-56100
56151,Bandongan,56100,252,bandongan-56151
56200,Temanggung,56200,253,temanggung-56200
56300,Wonosobo,56300,254,wonosobo-56300
57100,Solo,57100,255,solo-57100
57200,Sragen,57200,256,sragen-57200
57300,Boyolali,57300,257,boyolali-57300
57400,Klaten,57400,258,klaten-57400
57500,Sukoharjo,57500,259,sukoharjo-57500
57600,Wonogiri,57600,260,wonogiri-57600
57700,Karanganyar,57700,261,karanganyar-57700
58100,Purwodadigrobogan,58100,262,purwodadigrobogan-58100
58200,Blora,58200,263,blora-58200
59100,Pati,59100,264,pati-59100
59255,Bulu,59100,265,bulu-59255
59300,Kudus,59300,266,kudus-59300
59400,Jepara,59400,267,jepara-59400
59455,Karimunjawa,59400,268,karimunjawa-59455
59500,Demak,50000,269,demak-59500
60000,Surabaya,60000,270,surabaya-60000
60300,Surabayaselatan,60300,271,surabayaselatan-60300
61100,Gresik,61100,272,gresik-61100
61181,Bawean,61100,273,bawean-61181
61200,Sidoarjo,61200,274,sidoarjo-61200
61300,Mojokerto,61300,275,mojokerto-61300
61381,Bangsal,61300,276,bangsal-61381
61400,Jombang,61400,277,jombang-61400
62100,Bojonegoro,62100,278,bojonegoro-62100
62200,Lamongan,62200,279,lamongan-62200
62300,Tuban,62300,280,tuban-62300
63100,Madiun,63100,281,madiun-63100
63152,Balerejo,63100,282,balerejo-63152
63200,Ngawi,63200,283,ngawi-63200
63300,Magetan,63300,284,magetan-63300
63400,Ponorogo,63400,285,ponorogo-63400
63581,Arjosari,63400,286,arjosari-63581
64100,Kediri,64100,287,kediri-64100
64221,Badas,64100,288,badas-64221
64400,Nganjuk,64400,289,nganjuk-64400
65100,Malang,65100,290,malang-65100
65183,Ampelgading,65100,291,ampelgading-65183
65311,Batu,65100,292,batu-65311
66100,Blitar,66100,293,blitar-66100
66200,Tulungagung,66200,294,tulungagung-66200
66363,Dongko,66200,295,dongko-66363
67100,Pasuruan,67100,296,pasuruan-67100
67153,Bangil,67100,297,bangil-67153
67200,Probolinggo,67200,298,probolinggo-67200
67261,Bantaran,67200,299,bantaran-67261
67300,Lumajang,67300,300,lumajang-67300
68100,Jember,68100,301,jember-68100
68200,Bondowoso,68200,302,bondowoso-68200
68300,Situbondo,68300,303,situbondo-68300
68400,Banyuwangi,68400,304,banyuwangi-68400
69100,Bangkalan,69100,305,bangkalan-69100
69263,Banyuates,69100,306,banyuates-69263
69300,Pamekasan,69300,307,pamekasan-69300
69400,Sumenep,69400,308,sumenep-69400
69482,Giligenting,69400,309,giligenting-69482
69483,Gayam,69400,310,gayam-69483
69485B1,Raas,69400,311,raas-69485b1
69491,Arjasa,69400,312,arjasa-69491
69492,Masalembu,69400,313,masalembu-69492
69493,Sapeken,69400,314,sapeken-69493
70000,Banjarmasin,70000,315,banjarmasin-70000
70564,Anjirmuara,70000,316,anjirmuara-70564
70655,Aluhaluh,70700,317,aluhaluh-70655
70700,Banjarbaru,70700,318,banjarbaru-70700
70852,Batibati,70700,319,batibati-70852
71183,Binuang,71200,320,binuang-71183
71200,Kandangan,71200,321,kandangan-71200
71300,Barabai,71400,322,barabai-71300
71400,Amuntai,71400,323,amuntai-71400
71572,Haruai,71400,324,haruai-71572
71664,Awayan,71400,325,awayan-71664
72152,Berangaskotabaru,72200,326,berangaskotabaru-72152
72200,Batulicin,72200,327,batulicin-72200
73000,Palangkaraya,73000,328,palangkaraya-73000
73572,Bahaur,73000,329,bahaur-73572
73581,Anjirserapat,73000,330,anjirserapat-73581
73600,Tamianglayang,73700,331,tamianglayang-73600
73652,Ampah,73700,332,ampah-73652
73700,Buntok,73700,333,buntok-73700
73752,Pendang,73700,334,pendang-73752
73761,Bangkuang,73700,335,bangkuang-73761
73762,Mengkatip,73700,336,mengkatip-73762
73763,Jenamas,73700,337,jenamas-73763
73800,Muaratewe,73700,338,muaratewe-73800
73852,Lahei,73700,339,lahei-73852
73900,Purukcau,73700,340,purukcau-73900
73991,Muaralaung,73700,341,muaralaung-73991
74100,Pangkalanbun,74100,342,pangkalanbun-74100
74162,Nangabulik,74100,343,nangabulik-74162
74173,Balairiam,74100,344,balairiam-74173
74200,Kualapembuang,74300,345,kualapembuang-74200
74271,Pembuanghulu,74300,346,pembuanghulu-74271
74300,Sampit,74300,347,sampit-74300
74341B1,Pundu,74300,348,pundu-74341b1
74352B1,Sebabi,74300,349,sebabi-74352b1
74353,Kotabesi,74300,350,kotabesi-74353
74354,Cempakamulia,74300,351,cempakamulia-74354
74355,Parenggean,74300,352,parenggean-74355
74356,Kualakuayan,74300,353,kualakuayan-74356
74363,Samuda,74300,354,samuda-74363
74400,Kasungan,73000,355,kasungan-74400
74463,Pegatanmendawai,73000,356,pegatanmendawai-74463
74500,Kualakurun,73000,357,kualakurun-74500
75000,Samarinda,75000,358,samarinda-75000
75300,Bontang,75300,359,bontang-75300
75381,Anggana,75000,360,anggana-75381
75500,Tenggarong,75500,361,tenggarong-75500
75554,Batutimbau,75000,362,batutimbau-75554
75562,Muaramuntai,75500,363,muaramuntai-75562
75576,Barongtongkok,75500,364,barongtongkok-75576
75600,Sangatta,75300,365,sangatta-75600
75611,Swargabara,75300,366,swargabara-75611
75651B1,Telukpandan,75300,367,telukpandan-75651b1
75653B1,Bengalon,75300,368,bengalon-75653b1
75655,Muarawahau,75300,369,muarawahau-75655
75657,Kongbeng,75300,370,kongbeng-75657
76100,Balikpapan,76100,371,balikpapan-76100
76146,Kenangan,76100,372,kenangan-76146
76252,Batukajang,76100,373,batukajang-76252
77000,Tanjungselor,77000,374,tanjungselor-77000
77100,Tarakan,77100,375,tarakan-77100
77153,Atap,77100,376,atap-77153
77156,Longbawan,77100,377,longbawan-77156
77182,Nunukan,77100,378,nunukan-77182
77183,Sungainyamuk,77100,379,sungainyamuk-77183
77252B1,Tanjungpalas,77000,380,tanjungpalas-77252b1
77253B1,Salimbatu,77000,381,salimbatu-77253b1
77281B1,Pulaubunyu,77000,382,pulaubunyu-77281b1
77300,Tanjungredeb,77300,383,tanjungredeb-77300
77457,Mensalong,77100,384,mensalong-77457
77491,Sebuku,77100,385,sebuku-77491
77511B1,Malinau,77000,386,malinau-77511b1
77562B1,Longpujungan,77000,387,longpujungan-77562b1
77571B1,Datadian,77000,388,datadian-77571b1
77572B1,Longnawang,77000,389,longnawang-77572b1
77611B1,Tidengpale,77000,390,tidengpale-77611b1
78000,Pontianak,78000,391,pontianak-78000
78364,Darit,78000,392,darit-78364
78384,Kubu,78000,393,kubu-78384
78500,Sanggau,78500,394,sanggau-78500
78582,Sekadau,78500,395,sekadau-78582
78600,Sintang,78600,396,sintang-78600
78674,Kotabarusintang,78600,397,kotabarusintang-78674
78767,Badau,78600,398,badau-78767
78800,Ketapang,78800,399,ketapang-78800
78852,Sukadanakalimantan,78800,400,sukadanakalimantan-78852
78900,Mempawah,78000,401,mempawah-78900
79100,Singkawang,79100,402,singkawang-79100
79200,Bengkayang,79100,403,bengkayang-79200
79454,Jawai,79100,404,jawai-79454
80000,Denpasar,80000,405,denpasar-80000
80352,Blahkiuh,80000,406,blahkiuh-80352
80500,Gianyar,80500,407,gianyar-80500
80600,Bangli,80500,408,bangli-80600
80752,Banjarangkan,80500,409,banjarangkan-80752
80852,Abang,80500,410,abang-80852
81100,Singaraja,81100,411,singaraja-81100
82100,Tabanan,82100,412,tabanan-82100
82253,Gilimanuk,82100,413,gilimanuk-82253
83000,Mataram,83000,414,mataram-83000
83354,Anyar,83000,415,anyar-83354
83363,Gerung,83000,416,gerung-83363
83572,Batujai,83000,417,batujai-83572
83600,Selong,83600,418,selong-83600
84100,Bima,84100,419,bima-84100
84162,Bajo,84100,420,bajo-84162
84200,Dompu,84100,421,dompu-84200
84300,Sumbawabesar,84300,422,sumbawabesar-84300
84356,Jereweh,84300,423,jereweh-84356
85000,Kupang,85000,424,kupang-85000
85363,Camplong,85000,425,camplong-85363
85392,Bolou,85000,426,bolou-85392
85500,Soe,85500,427,soe-85500
85600,Kefamenanu,85500,428,kefamenanu-85600
85700,Atambua,85700,429,atambua-85700
85763,Besikama,85700,430,besikama-85763
85882,Baranusa,85000,431,baranusa-85882
85971,Baa,85000,432,baa-85971
86100,Maumere,86100,433,maumere-86100
86253,Boru,86100,434,boru-86253
86300,Ende,86300,435,ende-86300
86452,Aimere,86300,436,aimere-86452
86472,Aesesa,86300,437,aesesa-86472
86511B1,Ruteng,86700,438,ruteng-86511b1
86600,Lewoleba,86100,439,lewoleba-86600
86700,Komodo,86700,440,komodo-86700
86811B1,Borong,86700,441,borong-86811b1
87100,Waingapu,87100,442,waingapu-87100
87200,Waikabubak,87100,443,waikabubak-87200
87252,Elopada,87100,444,elopada-87252
87300,Waibakul,87100,445,waibakul-87300
90000,Makassar,90000,446,makassar-90000
90561,Bantimurung,90000,447,bantimurung-90561
90651,Bungoro,90000,448,bungoro-90651
90700,Barru,91100,449,barru-90700
90852,Batubatu,92700,450,batubatu-90852
90991,Paria,92700,451,paria-90991
91100,Parepare,91100,452,parepare-91100
91261,Mattirosompe,91100,453,mattirosompe-91261
91353,Campalagian,91500,454,campalagian-91353
91362,Mamasa,91500,455,mamasa-91362
91400,Majene,91500,456,majene-91400
91500,Mamuju,91500,457,mamuju-91500
91564,Topoyo,91500,458,topoyo-91564
91571,Pasangkayu,91500,459,pasangkayu-91571
91671,Amparita,91100,460,amparita-91671
91752,Cakke,91100,461,cakke-91752
91800,Makale,91900,462,makale-91800
91890,Rantepao,91900,463,rantepao-91890
91900,Palopo,91900,464,palopo-91900
91951,Batusitanduk,91900,465,batusitanduk-91951
91966,Bonebone,91900,466,bonebone-91966
91974,Kalaenakiri-Ii,91900,467,kalaenakiri-ii-91974
92172,Borongloe,90000,468,borongloe-92172
92200,Takalar,90000,469,takalar-92200
92352,Allu,92500,470,allu-92352
92400,Bantaeng,92500,471,bantaeng-92400
92500,Bulukumba,92500,472,bulukumba-92500
92661,Bikeru,92500,473,bikeru-92661
92700,Watampone,92700,474,watampone-92700
92800,Selayar,92500,475,selayar-92800
92855B1,Bontosikuyu,92500,476,bontosikuyu-92855b1
93000,Kendari,93000,477,kendari-93000
93352,Tinobu,93000,478,tinobu-93352
93372,Ambaipua,93000,479,ambaipua-93372
93393,Langara,93000,480,langara-93393
93452,Abuki,93000,481,abuki-93452
93553,Lasusua,93000,482,lasusua-93553
93563,Anaiwoi,93000,483,anaiwoi-93563
93573,Ladongi,93000,484,ladongi-93573
93600,Raha,93000,485,raha-93600
93653,Kambara,93000,486,kambara-93653
93661,Lasehao,93000,487,lasehao-93661
93662,Wakuru,93000,488,wakuru-93662
93672,Ereke,93700,489,ereke-93672
93700,Baubau,93700,490,baubau-93700
93753,Sampolawa,93700,491,sampolawa-93753
93754,Banabungi,93700,492,banabungi-93754
93761,Lombe,93700,493,lombe-93761
93772,Boepinang,93000,494,boepinang-93772
93781,Sikeli,93000,495,sikeli-93781
93794,Binongko,93700,496,binongko-93794
94000,Palu,94000,497,palu-94000
94351,Donggala,94000,498,donggala-94351
94362,Binangga,94000,499,binangga-94362
94374,Ampibabo,94000,500,ampibabo-94374
94554,Bangkir,94000,501,bangkir-94554
94564,Leok,94000,502,leok-94564
94652,Kasiguncu,94000,503,kasiguncu-94652
94666,Beteleme,94000,504,beteleme-94666
94671,Kolonedale,94000,505,kolonedale-94671
94683,Ampana,94000,506,ampana-94683
94700,Luwuk,94700,507,luwuk-94700
94785,Salakan,94700,508,salakan-94785
94791,Banggai,94700,509,banggai-94791
95000,Manado,95000,510,manado-95000
95354,Amurang,95000,511,amurang-95354
95371,Airmadidi,95000,512,airmadidi-95371
95400,Tomohon,95000,513,tomohon-95400
95500,Bitung,95000,514,bitung-95500
95683,Eris,95000,515,eris-95683
95697,Belang,95000,516,belang-95697
95700,Kotamobagu,95700,517,kotamobagu-95700
95763,Bintauna,95700,518,bintauna-95763
95764,Bolaangitang,95700,519,bolaangitang-95764
95774,Molibagu,95700,520,molibagu-95774
95781,Modayag,95700,521,modayag-95781
95800,Tahuna,95000,522,tahuna-95800
95853,Manganitu,95000,523,manganitu-95853
95855,Tamako,95000,524,tamako-95855
95861,Ulusiau,95000,525,ulusiau-95861
95862,Ondong,95000,526,ondong-95862
95863,Tagulandang,95000,527,tagulandang-95863
95881,Beo,95000,528,beo-95881
96100,Gorontalo,96100,529,gorontalo-96100
96184,Suwawa,96100,530,suwawa-96184
96253,Atinggola,96100,531,atinggola-96253
96261,Paguyaman,96100,532,paguyaman-96261
96267,Lemito,96100,533,lemito-96267
96271,Batudaa,96100,534,batudaa-96271
97000,Ambon,97000,535,ambon-97000
97552,Amahai,97000,536,amahai-97552
97555,Bula,97000,537,bula-97555
97566,Kairatu,97000,538,kairatu-97566
97572,Airbuaya,97000,539,airbuaya-97572
97573,Leksula,97000,540,leksula-97573
97600,Tual,97600,541,tual-97600
97661,Elat,97600,542,elat-97661
97662,Dobo,97600,543,dobo-97662
97663,Larat,97600,544,larat-97663
97700,Ternate,97700,545,ternate-97700
97752,Jailolo,97700,546,jailolo-97752
97761,Galela,97700,547,galela-97761
97771,Morotai,97700,548,morotai-97771
97791,Labuha,97700,549,labuha-97791
97796,Mangole,97700,550,mangole-97796
97852,Payahe,97700,551,payahe-97852
97855,Gebe,97700,552,gebe-97855
97862,Maba,97700,553,maba-97862
98100,Biak,98100,554,biak-98100
98152,Bosnik,98100,555,bosnik-98152
98171,Yemburwo,98100,556,yemburwo-98171
98200,Serui,98100,557,serui-98200
98261,Waren,98100,558,waren-98261
98300,Manokwari,98300,559,manokwari-98300
98352,Warmare,98300,560,warmare-98352
98353,Oransbari,98300,561,oransbari-98353
98355,Ransiki,98300,562,ransiki-98355
98356,Prafi,98300,563,prafi-98356
98362,Wasior,98300,564,wasior-98362
98363,Babo,98300,565,babo-98363
98364,Bintuni,98300,566,bintuni-98364
98400,Sorong,98400,567,sorong-98400
98418,Aimas,98400,568,aimas-98418
98451,Sorongdoom,98400,569,sorongdoom-98451
98454,Teminabuan,98400,570,teminabuan-98454
98481B1,Rajaampat (Ba),98400,571,rajaampat-ba-98481b1
98600,Fakfak,98400,572,fakfak-98600
98654,Kaimana,98400,573,kaimana-98654
98700,Enarotali,98800,574,enarotali-98700
98784B1,Waghete,98800,575,waghete-98784b1
98800,Nabire,98800,576,nabire-98800
98842B1,Makimi,98800,577,makimi-98842b1
98862,Moanemani,98800,578,moanemani-98862
98900,Mulia,98800,579,mulia-98900
99000,Jayapura,99000,580,jayapura-99000
99047B1,Yahukimo,99000,581,yahukimo-99047b1
99353,Depapre,99000,582,depapre-99353
99354,Demta,99000,583,demta-99354
99361,Genyem,99000,584,genyem-99361
99364,Lereh,99000,585,lereh-99364
99368,Arso,99000,586,arso-99368
99373,Sarmi,99000,587,sarmi-99373
99500,Wamena,99000,588,wamena-99500
99531B1,Tiom,99000,589,tiom-99531b1
99573B1,Pegununganbintang,99000,590,pegununganbintang-99573b1
99600,Merauke,99600,591,merauke-99600
99653,Bade,99600,592,bade-99653
99655,Kimaam,99600,593,kimaam-99655
99656,Kurik,99600,594,kurik-99656
99661B1,Asiki,99600,595,asiki-99661b1
99662,Mindiptana,99600,596,mindiptana-99662
99663,Tanahmerah,99600,597,tanahmerah-99663
99671,Kepi,99600,598,kepi-99671
99677,Agats,99600,599,agats-99677
99692B1,Tanahmiring,99600,600,tanahmiring-99692b1
99900,Timika,99900,601,timika-99900
99920,Kualakencana,99900,602,kualakencana-99920
99930,Tembagapura,99900,603,tembagapura-99930
